Strategy,Symbol,Trades,Wins,Losses,WinRate,TotalPnL%,AvgPnL%,MaxDD%,Sharpe,Best%,Worst%
TrendFollowingStrategy,ETHUSDT,13,10,3,0.7692,13.3773,0.9769,1.1000,0.8251,1.6000,-1.1000
TrendFollowingStrategy,ETHUSDT,13,10,3,0.7692,13.3773,0.9769,1.1000,0.8251,1.6000,-1.1000
TrendFollowingStrategy,ETHUSDT,13,10,3,0.7692,13.3773,0.9769,1.1000,0.8251,1.6000,-1.1000
TrendFollowingStrategy,ETHUSDT,13,8,5,0.6154,9.0707,0.6769,0.8000,0.5570,1.6000,-0.8000
TrendFollowingStrategy,ETHUSDT,13,8,5,0.6154,9.0707,0.6769,0.8000,0.5570,1.6000,-0.8000
TrendFollowingStrategy,ETHUSDT,13,8,5,0.6154,9.0707,0.6769,0.8000,0.5570,1.6000,-0.8000
TrendFollowingStrategy,ETHUSDT,13,10,3,0.7692,6.8569,0.5154,1.1000,0.5596,1.0000,-1.1000
TrendFollowingStrategy,ETHUSDT,13,10,3,0.7692,6.8569,0.5154,1.1000,0.5596,1.0000,-1.1000
TrendFollowingStrategy,ETHUSDT,13,10,3,0.7692,6.8569,0.5154,1.1000,0.5596,1.0000,-1.1000
TrendFollowingStrategy,ETHUSDT,13,6,7,0.4615,5.4549,0.4154,1.7892,0.3639,1.6000,-0.6000
TrendFollowingStrategy,ETHUSDT,13,6,7,0.4615,5.4549,0.4154,1.7892,0.3639,1.6000,-0.6000
TrendFollowingStrategy,ETHUSDT,13,6,7,0.4615,5.4549,0.4154,1.7892,0.3639,1.6000,-0.6000
TrendFollowingStrategy,ETHUSDT,13,11,2,0.8462,4.4649,0.3385,1.1000,0.5302,0.6000,-1.1000
TrendFollowingStrategy,ETHUSDT,13,11,2,0.8462,4.4649,0.3385,1.1000,0.5302,0.6000,-1.1000
TrendFollowingStrategy,ETHUSDT,13,11,2,0.8462,4.4649,0.3385,1.1000,0.5302,0.6000,-1.1000
MeanReversionStrategy,ETHUSDT,4,3,1,0.7500,4.0382,1.0000,0.8000,0.8333,1.6000,-0.8000
MeanReversionStrategy,ETHUSDT,4,3,1,0.7500,4.0382,1.0000,0.8000,0.8333,1.6000,-0.8000
MeanReversionStrategy,ETHUSDT,4,3,1,0.7500,4.0382,1.0000,0.8000,0.8333,1.6000,-0.8000
TrendFollowingStrategy,ETHUSDT,13,8,5,0.6154,4.0230,0.3077,0.8000,0.3376,1.0000,-0.8000
TrendFollowingStrategy,ETHUSDT,13,8,5,0.6154,4.0230,0.3077,0.8000,0.3376,1.0000,-0.8000
TrendFollowingStrategy,ETHUSDT,13,8,5,0.6154,4.0230,0.3077,0.8000,0.3376,1.0000,-0.8000
TrendFollowingStrategy,DOGEUSDT,13,6,7,0.4615,3.9786,0.3077,3.1618,0.2471,1.6000,-0.8000
TrendFollowingStrategy,DOGEUSDT,13,6,7,0.4615,3.9786,0.3077,3.1618,0.2471,1.6000,-0.8000
TrendFollowingStrategy,DOGEUSDT,13,6,7,0.4615,3.9786,0.3077,3.1618,0.2471,1.6000,-0.8000
MeanReversionStrategy,ETHUSDT,4,3,1,0.7500,3.7236,0.9250,1.1000,0.6852,1.6000,-1.1000
MeanReversionStrategy,ETHUSDT,4,3,1,0.7500,3.7236,0.9250,1.1000,0.6852,1.6000,-1.1000
MeanReversionStrategy,ETHUSDT,4,3,1,0.7500,3.7236,0.9250,1.1000,0.6852,1.6000,-1.1000
TrendFollowingStrategy,XRPUSDT,15,10,5,0.6667,3.5811,0.2396,4.3279,0.2379,1.0000,-1.1000
TrendFollowingStrategy,XRPUSDT,15,10,5,0.6667,3.5811,0.2396,4.3279,0.2379,1.0000,-1.1000
TrendFollowingStrategy,XRPUSDT,15,10,5,0.6667,3.5811,0.2396,4.3279,0.2379,1.0000,-1.1000
TrendFollowingStrategy,XRPUSDT,15,8,7,0.5333,3.5230,0.2396,5.3803,0.1774,1.6000,-1.1000
TrendFollowingStrategy,XRPUSDT,15,8,7,0.5333,3.5230,0.2396,5.3803,0.1774,1.6000,-1.1000
TrendFollowingStrategy,XRPUSDT,15,8,7,0.5333,3.5230,0.2396,5.3803,0.1774,1.6000,-1.1000
TrendFollowingStrategy,ETHUSDT,13,7,6,0.5385,3.4113,0.2615,1.7892,0.3150,1.0000,-0.6000
TrendFollowingStrategy,ETHUSDT,13,7,6,0.5385,3.4113,0.2615,1.7892,0.3150,1.0000,-0.6000
TrendFollowingStrategy,ETHUSDT,13,7,6,0.5385,3.4113,0.2615,1.7892,0.3150,1.0000,-0.6000
TrendFollowingStrategy,XRPUSDT,15,9,6,0.6000,3.2875,0.2196,3.1618,0.2463,1.0000,-0.8000
TrendFollowingStrategy,XRPUSDT,15,9,6,0.6000,3.2875,0.2196,3.1618,0.2463,1.0000,-0.8000
TrendFollowingStrategy,XRPUSDT,15,9,6,0.6000,3.2875,0.2196,3.1618,0.2463,1.0000,-0.8000
TrendFollowingStrategy,XRPUSDT,15,7,8,0.4667,3.2434,0.2196,3.9365,0.1848,1.6000,-0.8000
TrendFollowingStrategy,XRPUSDT,15,7,8,0.4667,3.2434,0.2196,3.9365,0.1848,1.6000,-0.8000
TrendFollowingStrategy,XRPUSDT,15,7,8,0.4667,3.2434,0.2196,3.9365,0.1848,1.6000,-0.8000
TrendFollowingStrategy,DOGEUSDT,13,5,8,0.3846,3.1715,0.2462,2.3785,0.2210,1.6000,-0.6000
TrendFollowingStrategy,DOGEUSDT,13,5,8,0.3846,3.1715,0.2462,2.3785,0.2210,1.6000,-0.6000
TrendFollowingStrategy,DOGEUSDT,13,5,8,0.3846,3.1715,0.2462,2.3785,0.2210,1.6000,-0.6000
TrendFollowingStrategy,AVAXUSDT,11,5,6,0.4545,3.1665,0.2909,3.1618,0.2321,1.6000,-0.8000
TrendFollowingStrategy,AVAXUSDT,11,5,6,0.4545,3.1665,0.2909,3.1618,0.2321,1.6000,-0.8000
TrendFollowingStrategy,AVAXUSDT,11,5,6,0.4545,3.1665,0.2909,3.1618,0.2321,1.6000,-0.8000
TrendFollowingStrategy,XRPUSDT,15,8,7,0.5333,2.8872,0.1929,2.5819,0.2410,1.0000,-0.6000
TrendFollowingStrategy,XRPUSDT,15,8,7,0.5333,2.8872,0.1929,2.5819,0.2410,1.0000,-0.6000
TrendFollowingStrategy,XRPUSDT,15,8,7,0.5333,2.8872,0.1929,2.5819,0.2410,1.0000,-0.6000
TrendFollowingStrategy,XRPUSDT,15,6,9,0.4000,2.6486,0.1796,4.1252,0.1703,1.6000,-0.6000
TrendFollowingStrategy,XRPUSDT,15,6,9,0.4000,2.6486,0.1796,4.1252,0.1703,1.6000,-0.6000
TrendFollowingStrategy,XRPUSDT,15,6,9,0.4000,2.6486,0.1796,4.1252,0.1703,1.6000,-0.6000
MeanReversionStrategy,AVAXUSDT,4,3,1,0.7500,2.4119,0.6000,0.6000,0.7500,1.0000,-0.6000
MeanReversionStrategy,AVAXUSDT,4,3,1,0.7500,2.4119,0.6000,0.6000,0.7500,1.0000,-0.6000
MeanReversionStrategy,AVAXUSDT,4,3,1,0.7500,2.4119,0.6000,0.6000,0.7500,1.0000,-0.6000
MeanReversionStrategy,MATICUSDT,7,3,4,0.4286,2.3827,0.3429,2.3785,0.2916,1.6000,-0.6000
MeanReversionStrategy,MATICUSDT,7,3,4,0.4286,2.3827,0.3429,2.3785,0.2916,1.6000,-0.6000
MeanReversionStrategy,MATICUSDT,7,3,4,0.4286,2.3827,0.3429,2.3785,0.2916,1.6000,-0.6000
MeanReversionStrategy,ETHUSDT,4,3,1,0.7500,2.2059,0.5500,0.8000,0.6111,1.0000,-0.8000
MeanReversionStrategy,ETHUSDT,4,3,1,0.7500,2.2059,0.5500,0.8000,0.6111,1.0000,-0.8000
MeanReversionStrategy,ETHUSDT,4,3,1,0.7500,2.2059,0.5500,0.8000,0.6111,1.0000,-0.8000
MeanReversionStrategy,AVAXUSDT,4,3,1,0.7500,2.2059,0.5500,0.8000,0.6111,1.0000,-0.8000
MeanReversionStrategy,AVAXUSDT,4,3,1,0.7500,2.2059,0.5500,0.8000,0.6111,1.0000,-0.8000
MeanReversionStrategy,AVAXUSDT,4,3,1,0.7500,2.2059,0.5500,0.8000,0.6111,1.0000,-0.8000
TrendFollowingStrategy,BTCUSDT,8,5,3,0.6250,2.2002,0.2769,1.6785,0.2740,1.0000,-1.1000
TrendFollowingStrategy,ETHUSDT,13,9,4,0.6923,2.1947,0.1692,1.2059,0.2516,0.6000,-0.8000
TrendFollowingStrategy,ETHUSDT,13,9,4,0.6923,2.1947,0.1692,1.2059,0.2516,0.6000,-0.8000
TrendFollowingStrategy,ETHUSDT,13,9,4,0.6923,2.1947,0.1692,1.2059,0.2516,0.6000,-0.8000
TrendFollowingStrategy,AVAXUSDT,11,4,7,0.3636,2.1597,0.2000,2.3785,0.1802,1.6000,-0.6000
TrendFollowingStrategy,AVAXUSDT,11,4,7,0.3636,2.1597,0.2000,2.3785,0.1802,1.6000,-0.6000
TrendFollowingStrategy,AVAXUSDT,11,4,7,0.3636,2.1597,0.2000,2.3785,0.1802,1.6000,-0.6000
TrendFollowingStrategy,LINKUSDT,11,4,7,0.3636,2.1597,0.2000,2.0032,0.1802,1.6000,-0.6000
TrendFollowingStrategy,LINKUSDT,11,4,7,0.3636,2.1597,0.2000,2.0032,0.1802,1.6000,-0.6000
TrendFollowingStrategy,LINKUSDT,11,4,7,0.3636,2.1597,0.2000,2.0032,0.1802,1.6000,-0.6000
MeanReversionStrategy,ETHUSDT,4,2,2,0.5000,1.9906,0.5000,1.1964,0.3936,1.6000,-0.6000
MeanReversionStrategy,ETHUSDT,4,2,2,0.5000,1.9906,0.5000,1.1964,0.3936,1.6000,-0.6000
MeanReversionStrategy,ETHUSDT,4,2,2,0.5000,1.9906,0.5000,1.1964,0.3936,1.6000,-0.6000
TrendFollowingStrategy,AVAXUSDT,11,6,5,0.5455,1.9733,0.1818,3.1618,0.1934,1.0000,-0.8000
TrendFollowingStrategy,AVAXUSDT,11,6,5,0.5455,1.9733,0.1818,3.1618,0.1934,1.0000,-0.8000
TrendFollowingStrategy,AVAXUSDT,11,6,5,0.5455,1.9733,0.1818,3.1618,0.1934,1.0000,-0.8000
TrendFollowingStrategy,SOLUSDT,8,4,4,0.5000,1.9436,0.2500,2.1879,0.1732,1.6000,-1.1000
TrendFollowingStrategy,SOLUSDT,8,4,4,0.5000,1.9436,0.2500,2.1879,0.1732,1.6000,-1.1000
TrendFollowingStrategy,SOLUSDT,8,4,4,0.5000,1.9436,0.2500,2.1879,0.1732,1.6000,-1.1000
MeanReversionStrategy,ETHUSDT,4,3,1,0.7500,1.8968,0.4750,1.1000,0.4524,1.0000,-1.1000
MeanReversionStrategy,ETHUSDT,4,3,1,0.7500,1.8968,0.4750,1.1000,0.4524,1.0000,-1.1000
MeanReversionStrategy,ETHUSDT,4,3,1,0.7500,1.8968,0.4750,1.1000,0.4524,1.0000,-1.1000
MeanReversionStrategy,AVAXUSDT,4,3,1,0.7500,1.8968,0.4750,1.1000,0.4524,1.0000,-1.1000
MeanReversionStrategy,AVAXUSDT,4,3,1,0.7500,1.8968,0.4750,1.1000,0.4524,1.0000,-1.1000
MeanReversionStrategy,AVAXUSDT,4,3,1,0.7500,1.8968,0.4750,1.1000,0.4524,1.0000,-1.1000
TrendFollowingStrategy,DOGEUSDT,13,6,7,0.4615,1.7973,0.1462,4.3279,0.1043,1.6000,-1.1000
TrendFollowingStrategy,DOGEUSDT,13,6,7,0.4615,1.7973,0.1462,4.3279,0.1043,1.6000,-1.1000
TrendFollowingStrategy,DOGEUSDT,13,6,7,0.4615,1.7973,0.1462,4.3279,0.1043,1.6000,-1.1000
TrendFollowingStrategy,ETHUSDT,13,8,5,0.6154,1.7925,0.1385,1.7928,0.2279,0.6000,-0.6000
TrendFollowingStrategy,ETHUSDT,13,8,5,0.6154,1.7925,0.1385,1.7928,0.2279,0.6000,-0.6000
TrendFollowingStrategy,ETHUSDT,13,8,5,0.6154,1.7925,0.1385,1.7928,0.2279,0.6000,-0.6000
TrendFollowingStrategy,DOGEUSDT,13,6,7,0.4615,1.7731,0.1385,2.3785,0.1668,1.0000,-0.6000
TrendFollowingStrategy,DOGEUSDT,13,6,7,0.4615,1.7731,0.1385,2.3785,0.1668,1.0000,-0.6000
TrendFollowingStrategy,DOGEUSDT,13,6,7,0.4615,1.7731,0.1385,2.3785,0.1668,1.0000,-0.6000
TrendFollowingStrategy,SOLUSDT,8,3,5,0.3750,1.7684,0.2250,1.1964,0.1976,1.6000,-0.6000
TrendFollowingStrategy,SOLUSDT,8,3,5,0.3750,1.7684,0.2250,1.1964,0.1976,1.6000,-0.6000
TrendFollowingStrategy,SOLUSDT,8,3,5,0.3750,1.7684,0.2250,1.1964,0.1976,1.6000,-0.6000
TrendFollowingStrategy,BTCUSDT,8,5,3,0.6250,1.6707,0.2125,2.1879,0.1955,1.0000,-1.1000
TrendFollowingStrategy,BTCUSDT,8,5,3,0.6250,1.6707,0.2125,2.1879,0.1955,1.0000,-1.1000
MeanReversionStrategy,AVAXUSDT,4,2,2,0.5000,1.5806,0.4000,1.5936,0.2887,1.6000,-0.8000
MeanReversionStrategy,AVAXUSDT,4,2,2,0.5000,1.5806,0.4000,1.5936,0.2887,1.6000,-0.8000
MeanReversionStrategy,AVAXUSDT,4,2,2,0.5000,1.5806,0.4000,1.5936,0.2887,1.6000,-0.8000
MeanReversionStrategy,MATICUSDT,7,3,4,0.4286,1.5612,0.2286,3.1618,0.1782,1.6000,-0.8000
MeanReversionStrategy,MATICUSDT,7,3,4,0.4286,1.5612,0.2286,3.1618,0.1782,1.6000,-0.8000
MeanReversionStrategy,MATICUSDT,7,3,4,0.4286,1.5612,0.2286,3.1618,0.1782,1.6000,-0.8000
MeanReversionStrategy,SOLUSDT,6,3,3,0.5000,1.4542,0.2500,3.2638,0.1691,1.6000,-1.1000
MeanReversionStrategy,SOLUSDT,6,3,3,0.5000,1.4542,0.2500,3.2638,0.1691,1.6000,-1.1000
MeanReversionStrategy,SOLUSDT,6,3,3,0.5000,1.4542,0.2500,3.2638,0.1691,1.6000,-1.1000
TrendFollowingStrategy,BTCUSDT,8,4,4,0.5000,1.4362,0.1857,2.2910,0.1436,1.6000,-1.1000
TrendFollowingStrategy,AVAXUSDT,11,5,6,0.4545,1.3737,0.1273,2.3785,0.1523,1.0000,-0.6000
TrendFollowingStrategy,AVAXUSDT,11,5,6,0.4545,1.3737,0.1273,2.3785,0.1523,1.0000,-0.6000
TrendFollowingStrategy,AVAXUSDT,11,5,6,0.4545,1.3737,0.1273,2.3785,0.1523,1.0000,-0.6000
TrendFollowingStrategy,LINKUSDT,11,5,6,0.4545,1.3737,0.1273,1.7892,0.1523,1.0000,-0.6000
TrendFollowingStrategy,LINKUSDT,11,5,6,0.4545,1.3737,0.1273,1.7892,0.1523,1.0000,-0.6000
TrendFollowingStrategy,LINKUSDT,11,5,6,0.4545,1.3737,0.1273,1.7892,0.1523,1.0000,-0.6000
TrendFollowingStrategy,AVAXUSDT,11,5,6,0.4545,1.3086,0.1273,4.3279,0.0903,1.6000,-1.1000
TrendFollowingStrategy,AVAXUSDT,11,5,6,0.4545,1.3086,0.1273,4.3279,0.0903,1.6000,-1.1000
TrendFollowingStrategy,AVAXUSDT,11,5,6,0.4545,1.3086,0.1273,4.3279,0.0903,1.6000,-1.1000
TrendFollowingStrategy,LINKUSDT,11,5,6,0.4545,1.3086,0.1273,3.2638,0.0903,1.6000,-1.1000
TrendFollowingStrategy,LINKUSDT,11,5,6,0.4545,1.3086,0.1273,3.2638,0.0903,1.6000,-1.1000
TrendFollowingStrategy,LINKUSDT,11,5,6,0.4545,1.3086,0.1273,3.2638,0.0903,1.6000,-1.1000
MeanReversionStrategy,AVAXUSDT,4,3,1,0.7500,1.2000,0.3000,0.6000,0.5000,0.6000,-0.6000
MeanReversionStrategy,AVAXUSDT,4,3,1,0.7500,1.2000,0.3000,0.6000,0.5000,0.6000,-0.6000
MeanReversionStrategy,AVAXUSDT,4,3,1,0.7500,1.2000,0.3000,0.6000,0.5000,0.6000,-0.6000
MeanReversionStrategy,ETHUSDT,4,3,1,0.7500,0.9963,0.2500,0.8000,0.3571,0.6000,-0.8000
MeanReversionStrategy,ETHUSDT,4,3,1,0.7500,0.9963,0.2500,0.8000,0.3571,0.6000,-0.8000
MeanReversionStrategy,ETHUSDT,4,3,1,0.7500,0.9963,0.2500,0.8000,0.3571,0.6000,-0.8000
MeanReversionStrategy,AVAXUSDT,4,3,1,0.7500,0.9963,0.2500,0.8000,0.3571,0.6000,-0.8000
MeanReversionStrategy,AVAXUSDT,4,3,1,0.7500,0.9963,0.2500,0.8000,0.3571,0.6000,-0.8000
MeanReversionStrategy,AVAXUSDT,4,3,1,0.7500,0.9963,0.2500,0.8000,0.3571,0.6000,-0.8000
MeanReversionStrategy,AVAXUSDT,4,2,2,0.5000,0.9671,0.2500,2.1879,0.1604,1.6000,-1.1000
MeanReversionStrategy,AVAXUSDT,4,2,2,0.5000,0.9671,0.2500,2.1879,0.1604,1.6000,-1.1000
MeanReversionStrategy,AVAXUSDT,4,2,2,0.5000,0.9671,0.2500,2.1879,0.1604,1.6000,-1.1000
MeanReversionStrategy,LINKUSDT,4,2,2,0.5000,0.9671,0.2500,1.1000,0.1604,1.6000,-1.1000
MeanReversionStrategy,LINKUSDT,4,2,2,0.5000,0.9671,0.2500,1.1000,0.1604,1.6000,-1.1000
MeanReversionStrategy,LINKUSDT,4,2,2,0.5000,0.9671,0.2500,1.1000,0.1604,1.6000,-1.1000
MeanReversionStrategy,ETHUSDT,4,2,2,0.5000,0.7896,0.2000,1.1964,0.2165,1.0000,-0.6000
MeanReversionStrategy,ETHUSDT,4,2,2,0.5000,0.7896,0.2000,1.1964,0.2165,1.0000,-0.6000
MeanReversionStrategy,ETHUSDT,4,2,2,0.5000,0.7896,0.2000,1.1964,0.2165,1.0000,-0.6000
MeanReversionStrategy,XRPUSDT,2,1,1,0.5000,0.7872,0.4000,0.8000,0.2357,1.6000,-0.8000
MeanReversionStrategy,XRPUSDT,2,1,1,0.5000,0.7872,0.4000,0.8000,0.2357,1.6000,-0.8000
MeanReversionStrategy,XRPUSDT,2,1,1,0.5000,0.7872,0.4000,0.8000,0.2357,1.6000,-0.8000
TrendFollowingStrategy,MATICUSDT,7,5,2,0.7143,0.7819,0.1143,1.6010,0.1378,0.6000,-1.1000
TrendFollowingStrategy,MATICUSDT,7,5,2,0.7143,0.7819,0.1143,1.6010,0.1378,0.6000,-1.1000
TrendFollowingStrategy,MATICUSDT,7,5,2,0.7143,0.7819,0.1143,1.6010,0.1378,0.6000,-1.1000
MeanReversionStrategy,SOLUSDT,6,2,4,0.3333,0.7704,0.1333,2.3785,0.1174,1.6000,-0.6000
MeanReversionStrategy,SOLUSDT,6,2,4,0.3333,0.7704,0.1333,2.3785,0.1174,1.6000,-0.6000
MeanReversionStrategy,SOLUSDT,6,2,4,0.3333,0.7704,0.1333,2.3785,0.1174,1.6000,-0.6000
TrendFollowingStrategy,BTCUSDT,8,4,4,0.5000,0.7702,0.1000,2.3809,0.1039,1.0000,-0.8000
TrendFollowingStrategy,BTCUSDT,8,4,4,0.5000,0.7702,0.1000,2.3809,0.1039,1.0000,-0.8000
TrendFollowingStrategy,BTCUSDT,8,4,4,0.5000,0.7702,0.1000,2.3809,0.1039,1.0000,-0.8000
TrendFollowingStrategy,SOLUSDT,8,3,5,0.3750,0.7487,0.1000,1.6124,0.0805,1.6000,-0.8000
TrendFollowingStrategy,SOLUSDT,8,3,5,0.3750,0.7487,0.1000,1.6124,0.0805,1.6000,-0.8000
TrendFollowingStrategy,SOLUSDT,8,3,5,0.3750,0.7487,0.1000,1.6124,0.0805,1.6000,-0.8000
TrendFollowingStrategy,LINKUSDT,11,4,7,0.3636,0.7295,0.0727,3.1803,0.0601,1.6000,-0.8000
TrendFollowingStrategy,LINKUSDT,11,4,7,0.3636,0.7295,0.0727,3.1803,0.0601,1.6000,-0.8000
TrendFollowingStrategy,LINKUSDT,11,4,7,0.3636,0.7295,0.0727,3.1803,0.0601,1.6000,-0.8000
MeanReversionStrategy,ETHUSDT,4,3,1,0.7500,0.6909,0.1750,1.1000,0.2059,0.6000,-1.1000
MeanReversionStrategy,ETHUSDT,4,3,1,0.7500,0.6909,0.1750,1.1000,0.2059,0.6000,-1.1000
MeanReversionStrategy,ETHUSDT,4,3,1,0.7500,0.6909,0.1750,1.1000,0.2059,0.6000,-1.1000
MeanReversionStrategy,AVAXUSDT,4,3,1,0.7500,0.6909,0.1750,1.1000,0.2059,0.6000,-1.1000
MeanReversionStrategy,AVAXUSDT,4,3,1,0.7500,0.6909,0.1750,1.1000,0.2059,0.6000,-1.1000
MeanReversionStrategy,AVAXUSDT,4,3,1,0.7500,0.6909,0.1750,1.1000,0.2059,0.6000,-1.1000
TrendFollowingStrategy,BTCUSDT,8,5,3,0.6250,0.5831,0.0750,1.5936,0.1035,0.6000,-0.8000
TrendFollowingStrategy,BTCUSDT,8,5,3,0.6250,0.5831,0.0750,1.5936,0.1035,0.6000,-0.8000
TrendFollowingStrategy,BTCUSDT,8,5,3,0.6250,0.5831,0.0750,1.5936,0.1035,0.6000,-0.8000
TrendFollowingStrategy,AVAXUSDT,11,6,5,0.5455,0.5819,0.0545,2.3785,0.0870,0.6000,-0.6000
TrendFollowingStrategy,AVAXUSDT,11,6,5,0.5455,0.5819,0.0545,2.3785,0.0870,0.6000,-0.6000
TrendFollowingStrategy,AVAXUSDT,11,6,5,0.5455,0.5819,0.0545,2.3785,0.0870,0.6000,-0.6000
TrendFollowingStrategy,LINKUSDT,11,6,5,0.5455,0.5819,0.0545,1.7892,0.0870,0.6000,-0.6000
TrendFollowingStrategy,LINKUSDT,11,6,5,0.5455,0.5819,0.0545,1.7892,0.0870,0.6000,-0.6000
TrendFollowingStrategy,LINKUSDT,11,6,5,0.5455,0.5819,0.0545,1.7892,0.0870,0.6000,-0.6000
MeanReversionStrategy,MATICUSDT,7,3,4,0.4286,0.5795,0.0857,2.3785,0.1002,1.0000,-0.6000
MeanReversionStrategy,MATICUSDT,7,3,4,0.4286,0.5795,0.0857,2.3785,0.1002,1.0000,-0.6000
MeanReversionStrategy,MATICUSDT,7,3,4,0.4286,0.5795,0.0857,2.3785,0.1002,1.0000,-0.6000
TrendFollowingStrategy,DOGEUSDT,13,7,6,0.5385,0.5783,0.0462,1.7963,0.0741,0.6000,-0.6000
TrendFollowingStrategy,DOGEUSDT,13,7,6,0.5385,0.5783,0.0462,1.7963,0.0741,0.6000,-0.6000
TrendFollowingStrategy,DOGEUSDT,13,7,6,0.5385,0.5783,0.0462,1.7963,0.0741,0.6000,-0.6000
TrendFollowingStrategy,XRPUSDT,15,8,7,0.5333,0.5747,0.0400,2.9712,0.0645,0.6000,-0.6000
TrendFollowingStrategy,XRPUSDT,15,8,7,0.5333,0.5747,0.0400,2.9712,0.0645,0.6000,-0.6000
TrendFollowingStrategy,XRPUSDT,15,8,7,0.5333,0.5747,0.0400,2.9712,0.0645,0.6000,-0.6000
TrendFollowingStrategy,XRPUSDT,15,9,6,0.6000,0.5662,0.0400,3.1618,0.0563,0.6000,-0.8000
TrendFollowingStrategy,XRPUSDT,15,9,6,0.6000,0.5662,0.0400,3.1618,0.0563,0.6000,-0.8000
TrendFollowingStrategy,XRPUSDT,15,9,6,0.6000,0.5662,0.0400,3.1618,0.0563,0.6000,-0.8000
MeanReversionStrategy,XRPUSDT,2,1,1,0.5000,0.4824,0.2500,1.1000,0.1309,1.6000,-1.1000
MeanReversionStrategy,XRPUSDT,2,1,1,0.5000,0.4824,0.2500,1.1000,0.1309,1.6000,-1.1000
MeanReversionStrategy,XRPUSDT,2,1,1,0.5000,0.4824,0.2500,1.1000,0.1309,1.6000,-1.1000
TrendFollowingStrategy,XRPUSDT,15,10,5,0.6667,0.4526,0.0333,4.3279,0.0402,0.6000,-1.1000
TrendFollowingStrategy,XRPUSDT,15,10,5,0.6667,0.4526,0.0333,4.3279,0.0402,0.6000,-1.1000
TrendFollowingStrategy,XRPUSDT,15,10,5,0.6667,0.4526,0.0333,4.3279,0.0402,0.6000,-1.1000
TrendFollowingStrategy,AVAXUSDT,11,6,5,0.5455,0.4407,0.0455,4.3279,0.0414,1.0000,-1.1000
TrendFollowingStrategy,AVAXUSDT,11,6,5,0.5455,0.4407,0.0455,4.3279,0.0414,1.0000,-1.1000
TrendFollowingStrategy,AVAXUSDT,11,6,5,0.5455,0.4407,0.0455,4.3279,0.0414,1.0000,-1.1000
TrendFollowingStrategy,LINKUSDT,11,6,5,0.5455,0.4407,0.0455,3.2638,0.0414,1.0000,-1.1000
TrendFollowingStrategy,LINKUSDT,11,6,5,0.5455,0.4407,0.0455,3.2638,0.0414,1.0000,-1.1000
TrendFollowingStrategy,LINKUSDT,11,6,5,0.5455,0.4407,0.0455,3.2638,0.0414,1.0000,-1.1000
MeanReversionStrategy,XRPUSDT,2,1,1,0.5000,0.3940,0.2000,0.6000,0.1768,1.0000,-0.6000
MeanReversionStrategy,XRPUSDT,2,1,1,0.5000,0.3940,0.2000,0.6000,0.1768,1.0000,-0.6000
MeanReversionStrategy,XRPUSDT,2,1,1,0.5000,0.3940,0.2000,0.6000,0.1768,1.0000,-0.6000
TrendFollowingStrategy,DOGEUSDT,13,6,7,0.4615,0.3483,0.0308,3.1618,0.0329,1.0000,-0.8000
TrendFollowingStrategy,DOGEUSDT,13,6,7,0.4615,0.3483,0.0308,3.1618,0.0329,1.0000,-0.8000
TrendFollowingStrategy,DOGEUSDT,13,6,7,0.4615,0.3483,0.0308,3.1618,0.0329,1.0000,-0.8000
TrendFollowingStrategy,MATICUSDT,7,3,4,0.4286,0.3382,0.0571,3.2638,0.0396,1.6000,-1.1000
TrendFollowingStrategy,MATICUSDT,7,3,4,0.4286,0.3382,0.0571,3.2638,0.0396,1.6000,-1.1000
TrendFollowingStrategy,MATICUSDT,7,3,4,0.4286,0.3382,0.0571,3.2638,0.0396,1.6000,-1.1000
MeanReversionStrategy,MATICUSDT,7,3,4,0.4286,0.3382,0.0571,4.3279,0.0396,1.6000,-1.1000
MeanReversionStrategy,MATICUSDT,7,3,4,0.4286,0.3382,0.0571,4.3279,0.0396,1.6000,-1.1000
MeanReversionStrategy,MATICUSDT,7,3,4,0.4286,0.3382,0.0571,4.3279,0.0396,1.6000,-1.1000
TrendFollowingStrategy,BTCUSDT,8,5,3,0.6250,0.1924,0.0269,1.6785,0.0333,0.6000,-1.1000
MeanReversionStrategy,XRPUSDT,2,1,1,0.5000,0.1920,0.1000,0.8000,0.0786,1.0000,-0.8000
MeanReversionStrategy,XRPUSDT,2,1,1,0.5000,0.1920,0.1000,0.8000,0.0786,1.0000,-0.8000
MeanReversionStrategy,XRPUSDT,2,1,1,0.5000,0.1920,0.1000,0.8000,0.0786,1.0000,-0.8000
TrendFollowingStrategy,MATICUSDT,7,2,5,0.2857,0.1658,0.0286,2.3785,0.0266,1.6000,-0.6000
TrendFollowingStrategy,MATICUSDT,7,2,5,0.2857,0.1658,0.0286,2.3785,0.0266,1.6000,-0.6000
TrendFollowingStrategy,MATICUSDT,7,2,5,0.2857,0.1658,0.0286,2.3785,0.0266,1.6000,-0.6000
TrendFollowingStrategy,LINKUSDT,11,5,6,0.4545,0.1560,0.0182,2.3809,0.0193,1.0000,-0.8000
TrendFollowingStrategy,LINKUSDT,11,5,6,0.4545,0.1560,0.0182,2.3809,0.0193,1.0000,-0.8000
TrendFollowingStrategy,LINKUSDT,11,5,6,0.4545,0.1560,0.0182,2.3809,0.0193,1.0000,-0.8000
MeanReversionStrategy,BTCUSDT,7,3,4,0.4286,0.1229,0.0230,2.3809,0.0203,1.6000,-0.8000
MeanReversionStrategy,BTCUSDT,7,3,4,0.4286,0.1229,0.0230,2.3809,0.0203,1.6000,-0.8000
MeanReversionStrategy,BTCUSDT,7,3,4,0.4286,0.1229,0.0230,2.3809,0.0203,1.6000,-0.8000
MeanReversionStrategy,XRPUSDT,2,1,1,0.5000,-0.0036,0.0000,0.6000,0.0000,0.6000,-0.6000
MeanReversionStrategy,XRPUSDT,2,1,1,0.5000,-0.0036,0.0000,0.6000,0.0000,0.6000,-0.6000
MeanReversionStrategy,XRPUSDT,2,1,1,0.5000,-0.0036,0.0000,0.6000,0.0000,0.6000,-0.6000
MeanReversionStrategy,ETHUSDT,4,2,2,0.5000,-0.0072,0.0000,1.1964,0.0000,0.6000,-0.6000
MeanReversionStrategy,ETHUSDT,4,2,2,0.5000,-0.0072,0.0000,1.1964,0.0000,0.6000,-0.6000
MeanReversionStrategy,ETHUSDT,4,2,2,0.5000,-0.0072,0.0000,1.1964,0.0000,0.6000,-0.6000
MeanReversionStrategy,LINKUSDT,4,2,2,0.5000,-0.0072,0.0000,0.6036,0.0000,0.6000,-0.6000
MeanReversionStrategy,LINKUSDT,4,2,2,0.5000,-0.0072,0.0000,0.6036,0.0000,0.6000,-0.6000
MeanReversionStrategy,LINKUSDT,4,2,2,0.5000,-0.0072,0.0000,0.6036,0.0000,0.6000,-0.6000
TrendFollowingStrategy,SOLUSDT,8,4,4,0.5000,-0.0144,0.0000,1.2000,0.0000,0.6000,-0.6000
TrendFollowingStrategy,SOLUSDT,8,4,4,0.5000,-0.0144,0.0000,1.2000,0.0000,0.6000,-0.6000
TrendFollowingStrategy,SOLUSDT,8,4,4,0.5000,-0.0144,0.0000,1.2000,0.0000,0.6000,-0.6000
TrendFollowingStrategy,SOLUSDT,8,3,5,0.3750,-0.0239,0.0000,1.4023,0.0000,1.0000,-0.6000
TrendFollowingStrategy,SOLUSDT,8,3,5,0.3750,-0.0239,0.0000,1.4023,0.0000,1.0000,-0.6000
TrendFollowingStrategy,SOLUSDT,8,3,5,0.3750,-0.0239,0.0000,1.4023,0.0000,1.0000,-0.6000
MeanReversionStrategy,SOLUSDT,6,2,4,0.3333,-0.0382,0.0000,3.1618,0.0000,1.6000,-0.8000
MeanReversionStrategy,SOLUSDT,6,2,4,0.3333,-0.0382,0.0000,3.1618,0.0000,1.6000,-0.8000
MeanReversionStrategy,SOLUSDT,6,2,4,0.3333,-0.0382,0.0000,3.1618,0.0000,1.6000,-0.8000
MeanReversionStrategy,XRPUSDT,2,1,1,0.5000,-0.1110,-0.0500,1.1000,-0.0337,1.0000,-1.1000
MeanReversionStrategy,XRPUSDT,2,1,1,0.5000,-0.1110,-0.0500,1.1000,-0.0337,1.0000,-1.1000
MeanReversionStrategy,XRPUSDT,2,1,1,0.5000,-0.1110,-0.0500,1.1000,-0.0337,1.0000,-1.1000
MeanReversionStrategy,XRPUSDT,2,1,1,0.5000,-0.2048,-0.1000,0.8000,-0.1010,0.6000,-0.8000
MeanReversionStrategy,XRPUSDT,2,1,1,0.5000,-0.2048,-0.1000,0.8000,-0.1010,0.6000,-0.8000
MeanReversionStrategy,XRPUSDT,2,1,1,0.5000,-0.2048,-0.1000,0.8000,-0.1010,0.6000,-0.8000
MeanReversionStrategy,AVAXUSDT,4,1,3,0.2500,-0.2178,-0.0500,1.1964,-0.0455,1.6000,-0.6000
MeanReversionStrategy,AVAXUSDT,4,1,3,0.2500,-0.2178,-0.0500,1.1964,-0.0455,1.6000,-0.6000
MeanReversionStrategy,AVAXUSDT,4,1,3,0.2500,-0.2178,-0.0500,1.1964,-0.0455,1.6000,-0.6000
MeanReversionStrategy,LINKUSDT,4,2,2,0.5000,-0.2219,-0.0500,1.2098,-0.0412,1.0000,-1.1000
MeanReversionStrategy,LINKUSDT,4,2,2,0.5000,-0.2219,-0.0500,1.2098,-0.0412,1.0000,-1.1000
MeanReversionStrategy,LINKUSDT,4,2,2,0.5000,-0.2219,-0.0500,1.2098,-0.0412,1.0000,-1.1000
MeanReversionStrategy,MATICUSDT,7,3,4,0.4286,-0.2275,-0.0286,3.1618,-0.0297,1.0000,-0.8000
MeanReversionStrategy,MATICUSDT,7,3,4,0.4286,-0.2275,-0.0286,3.1618,-0.0297,1.0000,-0.8000
MeanReversionStrategy,MATICUSDT,7,3,4,0.4286,-0.2275,-0.0286,3.1618,-0.0297,1.0000,-0.8000
TrendFollowingStrategy,BTCUSDT,8,3,5,0.3750,-0.2721,-0.0287,2.3995,-0.0258,1.6000,-0.8000
TrendFollowingStrategy,BTCUSDT,8,5,3,0.6250,-0.3267,-0.0375,2.1879,-0.0426,0.6000,-1.1000
TrendFollowingStrategy,BTCUSDT,8,5,3,0.6250,-0.3267,-0.0375,2.1879,-0.0426,0.6000,-1.1000
MeanReversionStrategy,SOLUSDT,6,3,3,0.5000,-0.3326,-0.0500,3.2638,-0.0435,1.0000,-1.1000
MeanReversionStrategy,SOLUSDT,6,3,3,0.5000,-0.3326,-0.0500,3.2638,-0.0435,1.0000,-1.1000
MeanReversionStrategy,SOLUSDT,6,3,3,0.5000,-0.3326,-0.0500,3.2638,-0.0435,1.0000,-1.1000
MeanReversionStrategy,LINKUSDT,4,2,2,0.5000,-0.4092,-0.1000,1.0032,-0.1237,0.6000,-0.8000
MeanReversionStrategy,LINKUSDT,4,2,2,0.5000,-0.4092,-0.1000,1.0032,-0.1237,0.6000,-0.8000
MeanReversionStrategy,LINKUSDT,4,2,2,0.5000,-0.4092,-0.1000,1.0032,-0.1237,0.6000,-0.8000
MeanReversionStrategy,SOLUSDT,6,2,4,0.3333,-0.4163,-0.0667,2.3785,-0.0807,1.0000,-0.6000
MeanReversionStrategy,SOLUSDT,6,2,4,0.3333,-0.4163,-0.0667,2.3785,-0.0807,1.0000,-0.6000
MeanReversionStrategy,SOLUSDT,6,2,4,0.3333,-0.4163,-0.0667,2.3785,-0.0807,1.0000,-0.6000
TrendFollowingStrategy,AVAXUSDT,11,6,5,0.5455,-0.4259,-0.0364,3.1618,-0.0497,0.6000,-0.8000
TrendFollowingStrategy,AVAXUSDT,11,6,5,0.5455,-0.4259,-0.0364,3.1618,-0.0497,0.6000,-0.8000
TrendFollowingStrategy,AVAXUSDT,11,6,5,0.5455,-0.4259,-0.0364,3.1618,-0.0497,0.6000,-0.8000
TrendFollowingStrategy,LINKUSDT,11,6,5,0.5455,-0.4259,-0.0364,2.3809,-0.0497,0.6000,-0.8000
TrendFollowingStrategy,LINKUSDT,11,6,5,0.5455,-0.4259,-0.0364,2.3809,-0.0497,0.6000,-0.8000
TrendFollowingStrategy,LINKUSDT,11,6,5,0.5455,-0.4259,-0.0364,2.3809,-0.0497,0.6000,-0.8000
TrendFollowingStrategy,SOLUSDT,8,4,4,0.5000,-0.4433,-0.0500,2.2965,-0.0445,1.0000,-1.1000
TrendFollowingStrategy,SOLUSDT,8,4,4,0.5000,-0.4433,-0.0500,2.2965,-0.0445,1.0000,-1.1000
TrendFollowingStrategy,SOLUSDT,8,4,4,0.5000,-0.4433,-0.0500,2.2965,-0.0445,1.0000,-1.1000
MeanReversionStrategy,BTCUSDT,7,4,3,0.5714,-0.4530,-0.0627,1.7951,-0.0887,0.6000,-0.8000
MeanReversionStrategy,BTCUSDT,7,4,3,0.5714,-0.4530,-0.0627,1.7951,-0.0887,0.6000,-0.8000
MeanReversionStrategy,BTCUSDT,7,4,3,0.5714,-0.4530,-0.0627,1.7951,-0.0887,0.6000,-0.8000
MeanReversionStrategy,XRPUSDT,2,1,1,0.5000,-0.5066,-0.2500,1.1000,-0.2080,0.6000,-1.1000
MeanReversionStrategy,XRPUSDT,2,1,1,0.5000,-0.5066,-0.2500,1.1000,-0.2080,0.6000,-1.1000
MeanReversionStrategy,XRPUSDT,2,1,1,0.5000,-0.5066,-0.2500,1.1000,-0.2080,0.6000,-1.1000
TrendFollowingStrategy,MATICUSDT,7,3,4,0.4286,-0.6107,-0.0857,1.2035,-0.1336,0.6000,-0.6000
TrendFollowingStrategy,MATICUSDT,7,3,4,0.4286,-0.6107,-0.0857,1.2035,-0.1336,0.6000,-0.6000
TrendFollowingStrategy,MATICUSDT,7,3,4,0.4286,-0.6107,-0.0857,1.2035,-0.1336,0.6000,-0.6000
MeanReversionStrategy,MATICUSDT,7,3,4,0.4286,-0.6107,-0.0857,2.3785,-0.1336,0.6000,-0.6000
MeanReversionStrategy,MATICUSDT,7,3,4,0.4286,-0.6107,-0.0857,2.3785,-0.1336,0.6000,-0.6000
MeanReversionStrategy,MATICUSDT,7,3,4,0.4286,-0.6107,-0.0857,2.3785,-0.1336,0.6000,-0.6000
TrendFollowingStrategy,DOGEUSDT,13,7,6,0.5385,-0.6299,-0.0462,2.7803,-0.0635,0.6000,-0.8000
TrendFollowingStrategy,DOGEUSDT,13,7,6,0.5385,-0.6299,-0.0462,2.7803,-0.0635,0.6000,-0.8000
TrendFollowingStrategy,DOGEUSDT,13,7,6,0.5385,-0.6299,-0.0462,2.7803,-0.0635,0.6000,-0.8000
BollingerRSIStrategy,SOLUSDT,30,19,11,0.6333,-0.7979,-0.0233,3.7539,-0.0280,0.6000,-1.1000
BollingerRSIStrategy,SOLUSDT,30,19,11,0.6333,-0.7979,-0.0233,3.7539,-0.0280,0.6000,-1.1000
BollingerRSIStrategy,SOLUSDT,30,19,11,0.6333,-0.7979,-0.0233,3.7539,-0.0280,0.6000,-1.1000
TrendFollowingStrategy,SOLUSDT,8,4,4,0.5000,-0.8167,-0.1000,1.7951,-0.1336,0.6000,-0.8000
TrendFollowingStrategy,SOLUSDT,8,4,4,0.5000,-0.8167,-0.1000,1.7951,-0.1336,0.6000,-0.8000
TrendFollowingStrategy,SOLUSDT,8,4,4,0.5000,-0.8167,-0.1000,1.7951,-0.1336,0.6000,-0.8000
MeanReversionStrategy,LINKUSDT,4,1,3,0.2500,-0.8189,-0.2000,1.5936,-0.1667,1.6000,-0.8000
MeanReversionStrategy,LINKUSDT,4,1,3,0.2500,-0.8189,-0.2000,1.5936,-0.1667,1.6000,-0.8000
MeanReversionStrategy,LINKUSDT,4,1,3,0.2500,-0.8189,-0.2000,1.5936,-0.1667,1.6000,-0.8000
TrendFollowingStrategy,MATICUSDT,7,2,5,0.2857,-0.8379,-0.1143,3.1618,-0.0976,1.6000,-0.8000
TrendFollowingStrategy,MATICUSDT,7,2,5,0.2857,-0.8379,-0.1143,3.1618,-0.0976,1.6000,-0.8000
TrendFollowingStrategy,MATICUSDT,7,2,5,0.2857,-0.8379,-0.1143,3.1618,-0.0976,1.6000,-0.8000
MeanReversionStrategy,LINKUSDT,4,2,2,0.5000,-1.0106,-0.2500,1.6010,-0.2547,0.6000,-1.1000
MeanReversionStrategy,LINKUSDT,4,2,2,0.5000,-1.0106,-0.2500,1.6010,-0.2547,0.6000,-1.1000
MeanReversionStrategy,LINKUSDT,4,2,2,0.5000,-1.0106,-0.2500,1.6010,-0.2547,0.6000,-1.1000
TrendFollowingStrategy,MATICUSDT,7,2,5,0.2857,-1.0138,-0.1429,2.3785,-0.1830,1.0000,-0.6000
TrendFollowingStrategy,MATICUSDT,7,2,5,0.2857,-1.0138,-0.1429,2.3785,-0.1830,1.0000,-0.6000
TrendFollowingStrategy,MATICUSDT,7,2,5,0.2857,-1.0138,-0.1429,2.3785,-0.1830,1.0000,-0.6000
TrendFollowingStrategy,SOLUSDT,8,3,5,0.3750,-1.0257,-0.1250,2.1934,-0.1342,1.0000,-0.8000
TrendFollowingStrategy,SOLUSDT,8,3,5,0.3750,-1.0257,-0.1250,2.1934,-0.1342,1.0000,-0.8000
TrendFollowingStrategy,SOLUSDT,8,3,5,0.3750,-1.0257,-0.1250,2.1934,-0.1342,1.0000,-0.8000
MeanReversionStrategy,BTCUSDT,7,3,4,0.4286,-1.0443,-0.1484,2.3785,-0.2550,0.6000,-0.6000
MeanReversionStrategy,BTCUSDT,7,3,4,0.4286,-1.0443,-0.1484,2.3785,-0.2550,0.6000,-0.6000
MeanReversionStrategy,BTCUSDT,7,3,4,0.4286,-1.0443,-0.1484,2.3785,-0.2550,0.6000,-0.6000
MeanReversionStrategy,BTCUSDT,7,3,4,0.4286,-1.0562,-0.1484,2.3809,-0.1727,1.0000,-0.8000
MeanReversionStrategy,BTCUSDT,7,3,4,0.4286,-1.0562,-0.1484,2.3809,-0.1727,1.0000,-0.8000
MeanReversionStrategy,BTCUSDT,7,3,4,0.4286,-1.0562,-0.1484,2.3809,-0.1727,1.0000,-0.8000
MeanReversionStrategy,BTCUSDT,7,3,4,0.4286,-1.0828,-0.1484,3.2638,-0.1159,1.6000,-1.1000
MeanReversionStrategy,BTCUSDT,7,3,4,0.4286,-1.0828,-0.1484,3.2638,-0.1159,1.6000,-1.1000
MeanReversionStrategy,BTCUSDT,7,3,4,0.4286,-1.0828,-0.1484,3.2638,-0.1159,1.6000,-1.1000
MeanReversionStrategy,XRPUSDT,2,0,2,0.0000,-1.1964,-0.6000,1.1964,0.0000,-0.6000,-0.6000
MeanReversionStrategy,XRPUSDT,2,0,2,0.0000,-1.1964,-0.6000,1.1964,0.0000,-0.6000,-0.6000
MeanReversionStrategy,XRPUSDT,2,0,2,0.0000,-1.1964,-0.6000,1.1964,0.0000,-0.6000,-0.6000
MeanReversionStrategy,SOLUSDT,6,2,4,0.3333,-1.2035,-0.2000,2.3785,-0.3227,0.6000,-0.6000
MeanReversionStrategy,SOLUSDT,6,2,4,0.3333,-1.2035,-0.2000,2.3785,-0.3227,0.6000,-0.6000
MeanReversionStrategy,SOLUSDT,6,2,4,0.3333,-1.2035,-0.2000,2.3785,-0.3227,0.6000,-0.6000
MeanReversionStrategy,DOGEUSDT,6,2,4,0.3333,-1.2035,-0.2000,1.2035,-0.3227,0.6000,-0.6000
MeanReversionStrategy,DOGEUSDT,6,2,4,0.3333,-1.2035,-0.2000,1.2035,-0.3227,0.6000,-0.6000
MeanReversionStrategy,DOGEUSDT,6,2,4,0.3333,-1.2035,-0.2000,1.2035,-0.3227,0.6000,-0.6000
TrendFollowingStrategy,BTCUSDT,8,3,5,0.3750,-1.2071,-0.1500,2.3820,-0.2415,0.6000,-0.6000
TrendFollowingStrategy,BTCUSDT,8,3,5,0.3750,-1.2071,-0.1500,2.3820,-0.2415,0.6000,-0.6000
TrendFollowingStrategy,BTCUSDT,8,3,5,0.3750,-1.2071,-0.1500,2.3820,-0.2415,0.6000,-0.6000
MeanReversionStrategy,SOLUSDT,6,2,4,0.3333,-1.2154,-0.2000,3.1618,-0.2152,1.0000,-0.8000
MeanReversionStrategy,SOLUSDT,6,2,4,0.3333,-1.2154,-0.2000,3.1618,-0.2152,1.0000,-0.8000
MeanReversionStrategy,SOLUSDT,6,2,4,0.3333,-1.2154,-0.2000,3.1618,-0.2152,1.0000,-0.8000
MeanReversionStrategy,BTCUSDT,7,2,5,0.2857,-1.2528,-0.1770,2.9642,-0.2124,1.6000,-0.6000
MeanReversionStrategy,BTCUSDT,7,2,5,0.2857,-1.2528,-0.1770,2.9642,-0.2124,1.6000,-0.6000
MeanReversionStrategy,BTCUSDT,7,2,5,0.2857,-1.2528,-0.1770,2.9642,-0.2124,1.6000,-0.6000
MeanReversionStrategy,BTCUSDT,7,4,3,0.5714,-1.3534,-0.1913,2.6834,-0.2214,0.6000,-1.1000
MeanReversionStrategy,BTCUSDT,7,4,3,0.5714,-1.3534,-0.1913,2.6834,-0.2214,0.6000,-1.1000
MeanReversionStrategy,BTCUSDT,7,4,3,0.5714,-1.3534,-0.1913,2.6834,-0.2214,0.6000,-1.1000
MeanReversionStrategy,LINKUSDT,4,1,3,0.2500,-1.4047,-0.3500,1.5936,-0.3889,1.0000,-0.8000
MeanReversionStrategy,LINKUSDT,4,1,3,0.2500,-1.4047,-0.3500,1.5936,-0.3889,1.0000,-0.8000
MeanReversionStrategy,LINKUSDT,4,1,3,0.2500,-1.4047,-0.3500,1.5936,-0.3889,1.0000,-0.8000
TrendFollowingStrategy,MATICUSDT,7,3,4,0.4286,-1.4082,-0.2000,1.9963,-0.2673,0.6000,-0.8000
TrendFollowingStrategy,MATICUSDT,7,3,4,0.4286,-1.4082,-0.2000,1.9963,-0.2673,0.6000,-0.8000
TrendFollowingStrategy,MATICUSDT,7,3,4,0.4286,-1.4082,-0.2000,1.9963,-0.2673,0.6000,-0.8000
MeanReversionStrategy,MATICUSDT,7,3,4,0.4286,-1.4082,-0.2000,3.1618,-0.2673,0.6000,-0.8000
MeanReversionStrategy,MATICUSDT,7,3,4,0.4286,-1.4082,-0.2000,3.1618,-0.2673,0.6000,-0.8000
MeanReversionStrategy,MATICUSDT,7,3,4,0.4286,-1.4082,-0.2000,3.1618,-0.2673,0.6000,-0.8000
MeanReversionStrategy,DOGEUSDT,6,1,5,0.1667,-1.4116,-0.2333,2.3785,-0.2598,1.6000,-0.6000
MeanReversionStrategy,DOGEUSDT,6,1,5,0.1667,-1.4116,-0.2333,2.3785,-0.2598,1.6000,-0.6000
MeanReversionStrategy,DOGEUSDT,6,1,5,0.1667,-1.4116,-0.2333,2.3785,-0.2598,1.6000,-0.6000
TrendFollowingStrategy,MATICUSDT,7,3,4,0.4286,-1.4290,-0.2000,3.3712,-0.1782,1.0000,-1.1000
TrendFollowingStrategy,MATICUSDT,7,3,4,0.4286,-1.4290,-0.2000,3.3712,-0.1782,1.0000,-1.1000
TrendFollowingStrategy,MATICUSDT,7,3,4,0.4286,-1.4290,-0.2000,3.3712,-0.1782,1.0000,-1.1000
MeanReversionStrategy,MATICUSDT,7,3,4,0.4286,-1.4290,-0.2000,4.3279,-0.1782,1.0000,-1.1000
MeanReversionStrategy,MATICUSDT,7,3,4,0.4286,-1.4290,-0.2000,4.3279,-0.1782,1.0000,-1.1000
MeanReversionStrategy,MATICUSDT,7,3,4,0.4286,-1.4290,-0.2000,4.3279,-0.1782,1.0000,-1.1000
MeanReversionStrategy,SOLUSDT,6,3,3,0.5000,-1.5121,-0.2500,3.2638,-0.2685,0.6000,-1.1000
MeanReversionStrategy,SOLUSDT,6,3,3,0.5000,-1.5121,-0.2500,3.2638,-0.2685,0.6000,-1.1000
MeanReversionStrategy,SOLUSDT,6,3,3,0.5000,-1.5121,-0.2500,3.2638,-0.2685,0.6000,-1.1000
BollingerRSIStrategy,SOLUSDT,28,14,14,0.5000,-1.5428,-0.0500,4.4341,-0.0468,1.0000,-1.1000
BollingerRSIStrategy,SOLUSDT,28,14,14,0.5000,-1.5428,-0.0500,4.4341,-0.0468,1.0000,-1.1000
BollingerRSIStrategy,SOLUSDT,28,14,14,0.5000,-1.5428,-0.0500,4.4341,-0.0468,1.0000,-1.1000
TrendFollowingStrategy,DOGEUSDT,13,6,7,0.4615,-1.7568,-0.1308,4.5402,-0.1200,1.0000,-1.1000
TrendFollowingStrategy,DOGEUSDT,13,6,7,0.4615,-1.7568,-0.1308,4.5402,-0.1200,1.0000,-1.1000
TrendFollowingStrategy,DOGEUSDT,13,6,7,0.4615,-1.7568,-0.1308,4.5402,-0.1200,1.0000,-1.1000
MeanReversionStrategy,BTCUSDT,7,2,5,0.2857,-1.8359,-0.2627,2.9642,-0.4204,1.0000,-0.6000
MeanReversionStrategy,BTCUSDT,7,2,5,0.2857,-1.8359,-0.2627,2.9642,-0.4204,1.0000,-0.6000
MeanReversionStrategy,BTCUSDT,7,2,5,0.2857,-1.8359,-0.2627,2.9642,-0.4204,1.0000,-0.6000
TrendFollowingStrategy,AVAXUSDT,11,6,5,0.5455,-1.9225,-0.1727,4.3279,-0.1946,0.6000,-1.1000
TrendFollowingStrategy,AVAXUSDT,11,6,5,0.5455,-1.9225,-0.1727,4.3279,-0.1946,0.6000,-1.1000
TrendFollowingStrategy,AVAXUSDT,11,6,5,0.5455,-1.9225,-0.1727,4.3279,-0.1946,0.6000,-1.1000
TrendFollowingStrategy,LINKUSDT,11,6,5,0.5455,-1.9225,-0.1727,3.2638,-0.1946,0.6000,-1.1000
TrendFollowingStrategy,LINKUSDT,11,6,5,0.5455,-1.9225,-0.1727,3.2638,-0.1946,0.6000,-1.1000
TrendFollowingStrategy,LINKUSDT,11,6,5,0.5455,-1.9225,-0.1727,3.2638,-0.1946,0.6000,-1.1000
MeanReversionStrategy,DOGEUSDT,6,1,5,0.1667,-1.9939,-0.3333,2.3785,-0.5103,1.0000,-0.6000
MeanReversionStrategy,DOGEUSDT,6,1,5,0.1667,-1.9939,-0.3333,2.3785,-0.5103,1.0000,-0.6000
MeanReversionStrategy,DOGEUSDT,6,1,5,0.1667,-1.9939,-0.3333,2.3785,-0.5103,1.0000,-0.6000
MeanReversionStrategy,SOLUSDT,6,2,4,0.3333,-1.9963,-0.3333,3.1618,-0.4611,0.6000,-0.8000
MeanReversionStrategy,SOLUSDT,6,2,4,0.3333,-1.9963,-0.3333,3.1618,-0.4611,0.6000,-0.8000
MeanReversionStrategy,SOLUSDT,6,2,4,0.3333,-1.9963,-0.3333,3.1618,-0.4611,0.6000,-0.8000
MeanReversionStrategy,DOGEUSDT,6,2,4,0.3333,-1.9963,-0.3333,1.9963,-0.4611,0.6000,-0.8000
MeanReversionStrategy,DOGEUSDT,6,2,4,0.3333,-1.9963,-0.3333,1.9963,-0.4611,0.6000,-0.8000
MeanReversionStrategy,DOGEUSDT,6,2,4,0.3333,-1.9963,-0.3333,1.9963,-0.4611,0.6000,-0.8000
TrendFollowingStrategy,MATICUSDT,7,2,5,0.2857,-2.0056,-0.2857,3.1618,-0.3253,1.0000,-0.8000
TrendFollowingStrategy,MATICUSDT,7,2,5,0.2857,-2.0056,-0.2857,3.1618,-0.3253,1.0000,-0.8000
TrendFollowingStrategy,MATICUSDT,7,2,5,0.2857,-2.0056,-0.2857,3.1618,-0.3253,1.0000,-0.8000
TrendFollowingStrategy,SOLUSDT,8,4,4,0.5000,-2.0111,-0.2500,2.6834,-0.2751,0.6000,-1.1000
TrendFollowingStrategy,SOLUSDT,8,4,4,0.5000,-2.0111,-0.2500,2.6834,-0.2751,0.6000,-1.1000
TrendFollowingStrategy,SOLUSDT,8,4,4,0.5000,-2.0111,-0.2500,2.6834,-0.2751,0.6000,-1.1000
MeanReversionStrategy,BTCUSDT,7,3,4,0.4286,-2.2477,-0.3198,3.3712,-0.3159,1.0000,-1.1000
MeanReversionStrategy,BTCUSDT,7,3,4,0.4286,-2.2477,-0.3198,3.3712,-0.3159,1.0000,-1.1000
MeanReversionStrategy,BTCUSDT,7,3,4,0.4286,-2.2477,-0.3198,3.3712,-0.3159,1.0000,-1.1000
TrendFollowingStrategy,BTCUSDT,7,2,5,0.2857,-2.3283,-0.3286,3.8664,-0.2494,1.6000,-1.1000
TrendFollowingStrategy,BTCUSDT,7,2,5,0.2857,-2.3283,-0.3286,3.8664,-0.2494,1.6000,-1.1000
MeanReversionStrategy,LINKUSDT,4,0,4,0.0000,-2.3785,-0.6000,2.3785,0.0000,-0.6000,-0.6000
MeanReversionStrategy,LINKUSDT,4,0,4,0.0000,-2.3785,-0.6000,2.3785,0.0000,-0.6000,-0.6000
MeanReversionStrategy,LINKUSDT,4,0,4,0.0000,-2.3785,-0.6000,2.3785,0.0000,-0.6000,-0.6000
MeanReversionStrategy,LINKUSDT,4,0,4,0.0000,-2.3785,-0.6000,2.3785,0.0000,-0.6000,-0.6000
MeanReversionStrategy,LINKUSDT,4,0,4,0.0000,-2.3785,-0.6000,2.3785,0.0000,-0.6000,-0.6000
MeanReversionStrategy,LINKUSDT,4,0,4,0.0000,-2.3785,-0.6000,2.3785,0.0000,-0.6000,-0.6000
MeanReversionStrategy,DOGEUSDT,6,1,5,0.1667,-2.3995,-0.4000,3.1618,-0.4082,1.6000,-0.8000
MeanReversionStrategy,DOGEUSDT,6,1,5,0.1667,-2.3995,-0.4000,3.1618,-0.4082,1.6000,-0.8000
MeanReversionStrategy,DOGEUSDT,6,1,5,0.1667,-2.3995,-0.4000,3.1618,-0.4082,1.6000,-0.8000
TrendFollowingStrategy,DOGEUSDT,13,7,6,0.5385,-2.4194,-0.1846,4.2415,-0.2093,0.6000,-1.1000
TrendFollowingStrategy,DOGEUSDT,13,7,6,0.5385,-2.4194,-0.1846,4.2415,-0.2093,0.6000,-1.1000
TrendFollowingStrategy,DOGEUSDT,13,7,6,0.5385,-2.4194,-0.1846,4.2415,-0.2093,0.6000,-1.1000
BollingerRSIStrategy,SOLUSDT,34,15,19,0.4412,-2.4312,-0.0706,3.5534,-0.1167,0.6000,-0.6000
BollingerRSIStrategy,SOLUSDT,34,15,19,0.4412,-2.4312,-0.0706,3.5534,-0.1167,0.6000,-0.6000
BollingerRSIStrategy,SOLUSDT,34,15,19,0.4412,-2.4312,-0.0706,3.5534,-0.1167,0.6000,-0.6000
BollingerRSIStrategy,SOLUSDT,30,12,18,0.4000,-2.4861,-0.0800,3.7521,-0.0892,1.0000,-0.8000
BollingerRSIStrategy,SOLUSDT,30,12,18,0.4000,-2.4861,-0.0800,3.7521,-0.0892,1.0000,-0.8000
BollingerRSIStrategy,SOLUSDT,30,12,18,0.4000,-2.4861,-0.0800,3.7521,-0.0892,1.0000,-0.8000
MeanReversionStrategy,MATICUSDT,7,3,4,0.4286,-2.5955,-0.3714,4.3279,-0.4088,0.6000,-1.1000
MeanReversionStrategy,MATICUSDT,7,3,4,0.4286,-2.5955,-0.3714,4.3279,-0.4088,0.6000,-1.1000
MeanReversionStrategy,MATICUSDT,7,3,4,0.4286,-2.5955,-0.3714,4.3279,-0.4088,0.6000,-1.1000
MeanReversionStrategy,DOGEUSDT,6,1,5,0.1667,-2.9759,-0.5000,3.1618,-0.6804,1.0000,-0.8000
MeanReversionStrategy,DOGEUSDT,6,1,5,0.1667,-2.9759,-0.5000,3.1618,-0.6804,1.0000,-0.8000
MeanReversionStrategy,DOGEUSDT,6,1,5,0.1667,-2.9759,-0.5000,3.1618,-0.6804,1.0000,-0.8000
TrendFollowingStrategy,BTCUSDT,8,1,7,0.1250,-3.1664,-0.4000,3.1664,-0.7071,1.0000,-0.6000
TrendFollowingStrategy,BTCUSDT,8,1,7,0.1250,-3.1664,-0.4000,3.1664,-0.7071,1.0000,-0.6000
TrendFollowingStrategy,BTCUSDT,8,1,7,0.1250,-3.1664,-0.4000,3.1664,-0.7071,1.0000,-0.6000
MeanReversionStrategy,DOGEUSDT,6,2,4,0.3333,-3.1764,-0.5333,3.1764,-0.6075,0.6000,-1.1000
MeanReversionStrategy,DOGEUSDT,6,2,4,0.3333,-3.1764,-0.5333,3.1764,-0.6075,0.6000,-1.1000
MeanReversionStrategy,DOGEUSDT,6,2,4,0.3333,-3.1764,-0.5333,3.1764,-0.6075,0.6000,-1.1000
TrendFollowingStrategy,BTCUSDT,7,1,6,0.1429,-3.1803,-0.4571,3.1803,-0.5040,1.6000,-0.8000
TrendFollowingStrategy,BTCUSDT,7,1,6,0.1429,-3.1803,-0.4571,3.1803,-0.5040,1.6000,-0.8000
BollingerRSIStrategy,BTCUSDT,30,11,19,0.3667,-3.4927,-0.1100,6.1047,-0.0831,1.6000,-1.1000
BollingerRSIStrategy,BTCUSDT,30,11,19,0.3667,-3.4927,-0.1100,6.1047,-0.0831,1.6000,-1.1000
BollingerRSIStrategy,SOLUSDT,33,10,23,0.3030,-3.8165,-0.1152,4.3249,-0.1542,1.0000,-0.6000
BollingerRSIStrategy,SOLUSDT,33,10,23,0.3030,-3.8165,-0.1152,4.3249,-0.1542,1.0000,-0.6000
BollingerRSIStrategy,SOLUSDT,33,10,23,0.3030,-3.8165,-0.1152,4.3249,-0.1542,1.0000,-0.6000
MeanReversionStrategy,DOGEUSDT,6,1,5,0.1667,-3.8664,-0.6500,4.3279,-0.5897,1.6000,-1.1000
MeanReversionStrategy,DOGEUSDT,6,1,5,0.1667,-3.8664,-0.6500,4.3279,-0.5897,1.6000,-1.1000
MeanReversionStrategy,DOGEUSDT,6,1,5,0.1667,-3.8664,-0.6500,4.3279,-0.5897,1.6000,-1.1000
BollingerRSIStrategy,DOGEUSDT,38,14,24,0.3684,-4.2315,-0.1053,10.5997,-0.0798,1.6000,-1.1000
BollingerRSIStrategy,DOGEUSDT,38,14,24,0.3684,-4.2315,-0.1053,10.5997,-0.0798,1.6000,-1.1000
BollingerRSIStrategy,DOGEUSDT,38,14,24,0.3684,-4.2315,-0.1053,10.5997,-0.0798,1.6000,-1.1000
BollingerRSIStrategy,BTCUSDT,31,12,19,0.3871,-4.4104,-0.1376,6.9976,-0.1084,1.6000,-1.1000
MeanReversionStrategy,DOGEUSDT,6,1,5,0.1667,-4.4341,-0.7500,4.4341,-0.8748,1.0000,-1.1000
MeanReversionStrategy,DOGEUSDT,6,1,5,0.1667,-4.4341,-0.7500,4.4341,-0.8748,1.0000,-1.1000
MeanReversionStrategy,DOGEUSDT,6,1,5,0.1667,-4.4341,-0.7500,4.4341,-0.8748,1.0000,-1.1000
BollingerRSIStrategy,SOLUSDT,32,15,17,0.4688,-4.5737,-0.1437,4.5737,-0.2025,0.6000,-0.8000
BollingerRSIStrategy,SOLUSDT,32,15,17,0.4688,-4.5737,-0.1437,4.5737,-0.2025,0.6000,-0.8000
BollingerRSIStrategy,SOLUSDT,32,15,17,0.4688,-4.5737,-0.1437,4.5737,-0.2025,0.6000,-0.8000
TrendFollowingStrategy,BTCUSDT,8,0,8,0.0000,-4.7004,-0.6000,4.7004,0.0000,-0.6000,-0.6000
TrendFollowingStrategy,BTCUSDT,8,0,8,0.0000,-4.7004,-0.6000,4.7004,0.0000,-0.6000,-0.6000
TrendFollowingStrategy,BTCUSDT,8,0,8,0.0000,-4.7004,-0.6000,4.7004,0.0000,-0.6000,-0.6000
BollingerRSIStrategy,XRPUSDT,33,9,24,0.2727,-4.8687,-0.1455,7.8238,-0.1340,1.6000,-0.8000
BollingerRSIStrategy,XRPUSDT,33,9,24,0.2727,-4.8687,-0.1455,7.8238,-0.1340,1.6000,-0.8000
BollingerRSIStrategy,XRPUSDT,33,9,24,0.2727,-4.8687,-0.1455,7.8238,-0.1340,1.6000,-0.8000
BollingerRSIStrategy,BTCUSDT,33,15,18,0.4545,-5.3371,-0.1636,5.7086,-0.2312,0.6000,-0.8000
BollingerRSIStrategy,BTCUSDT,33,15,18,0.4545,-5.3371,-0.1636,5.7086,-0.2312,0.6000,-0.8000
BollingerRSIStrategy,BTCUSDT,33,15,18,0.4545,-5.3371,-0.1636,5.7086,-0.2312,0.6000,-0.8000
BollingerRSIStrategy,MATICUSDT,46,18,28,0.3913,-5.5229,-0.1217,6.4560,-0.2070,0.6000,-0.6000
BollingerRSIStrategy,MATICUSDT,46,18,28,0.3913,-5.5229,-0.1217,6.4560,-0.2070,0.6000,-0.6000
BollingerRSIStrategy,MATICUSDT,46,18,28,0.3913,-5.5229,-0.1217,6.4560,-0.2070,0.6000,-0.6000
BollingerRSIStrategy,BTCUSDT,30,13,17,0.4333,-5.6993,-0.1900,7.4547,-0.1795,1.0000,-1.1000
BollingerRSIStrategy,BTCUSDT,30,13,17,0.4333,-5.6993,-0.1900,7.4547,-0.1795,1.0000,-1.1000
BollingerRSIStrategy,BTCUSDT,32,11,21,0.3438,-5.7502,-0.1812,6.8622,-0.2087,1.0000,-0.8000
BollingerRSIStrategy,BTCUSDT,32,11,21,0.3438,-5.7502,-0.1812,6.8622,-0.2087,1.0000,-0.8000
BollingerRSIStrategy,BTCUSDT,31,14,17,0.4516,-6.0412,-0.1957,7.7903,-0.1903,1.0000,-1.1000
BollingerRSIStrategy,BTCUSDT,32,11,21,0.3438,-6.1531,-0.1947,7.2604,-0.2283,1.0000,-0.8000
BollingerRSIStrategy,MATICUSDT,44,9,35,0.2045,-6.1766,-0.1409,7.9278,-0.1574,1.6000,-0.6000
BollingerRSIStrategy,MATICUSDT,44,9,35,0.2045,-6.1766,-0.1409,7.9278,-0.1574,1.6000,-0.6000
BollingerRSIStrategy,MATICUSDT,44,9,35,0.2045,-6.1766,-0.1409,7.9278,-0.1574,1.6000,-0.6000
BollingerRSIStrategy,XRPUSDT,36,16,20,0.4444,-6.2867,-0.1778,9.0482,-0.2520,0.6000,-0.8000
BollingerRSIStrategy,XRPUSDT,36,16,20,0.4444,-6.2867,-0.1778,9.0482,-0.2520,0.6000,-0.8000
BollingerRSIStrategy,XRPUSDT,36,16,20,0.4444,-6.2867,-0.1778,9.0482,-0.2520,0.6000,-0.8000
BollingerRSIStrategy,BTCUSDT,32,8,24,0.2500,-6.3668,-0.2000,7.0449,-0.1894,1.6000,-0.8000
BollingerRSIStrategy,BTCUSDT,32,8,24,0.2500,-6.3668,-0.2000,7.0449,-0.1894,1.6000,-0.8000
BollingerRSIStrategy,BTCUSDT,36,12,24,0.3333,-7.0073,-0.2000,7.0073,-0.3486,0.6000,-0.6000
BollingerRSIStrategy,BTCUSDT,36,12,24,0.3333,-7.0073,-0.2000,7.0073,-0.3486,0.6000,-0.6000
BollingerRSIStrategy,BTCUSDT,36,12,24,0.3333,-7.0073,-0.2000,7.0073,-0.3486,0.6000,-0.6000
BollingerRSIStrategy,DOGEUSDT,43,15,28,0.3488,-7.2855,-0.1721,9.9799,-0.1983,1.0000,-0.8000
BollingerRSIStrategy,DOGEUSDT,43,15,28,0.3488,-7.2855,-0.1721,9.9799,-0.1983,1.0000,-0.8000
BollingerRSIStrategy,DOGEUSDT,43,15,28,0.3488,-7.2855,-0.1721,9.9799,-0.1983,1.0000,-0.8000
BollingerRSIStrategy,BTCUSDT,32,8,24,0.2500,-7.3177,-0.2322,7.9888,-0.2290,1.6000,-0.8000
BollingerRSIStrategy,DOGEUSDT,45,16,29,0.3556,-7.5785,-0.1733,9.7508,-0.2984,0.6000,-0.6000
BollingerRSIStrategy,DOGEUSDT,45,16,29,0.3556,-7.5785,-0.1733,9.7508,-0.2984,0.6000,-0.6000
BollingerRSIStrategy,DOGEUSDT,45,16,29,0.3556,-7.5785,-0.1733,9.7508,-0.2984,0.6000,-0.6000
BollingerRSIStrategy,DOGEUSDT,45,12,33,0.2667,-7.6138,-0.1733,11.1974,-0.2422,1.0000,-0.6000
BollingerRSIStrategy,DOGEUSDT,45,12,33,0.2667,-7.6138,-0.1733,11.1974,-0.2422,1.0000,-0.6000
BollingerRSIStrategy,DOGEUSDT,45,12,33,0.2667,-7.6138,-0.1733,11.1974,-0.2422,1.0000,-0.6000
BollingerRSIStrategy,BTCUSDT,32,16,16,0.5000,-7.8048,-0.2500,8.4374,-0.2895,0.6000,-1.1000
BollingerRSIStrategy,BTCUSDT,32,16,16,0.5000,-7.8048,-0.2500,8.4374,-0.2895,0.6000,-1.1000
BollingerRSIStrategy,BTCUSDT,32,16,16,0.5000,-7.8048,-0.2500,8.4374,-0.2895,0.6000,-1.1000
BollingerRSIStrategy,AVAXUSDT,36,12,24,0.3333,-7.8561,-0.2192,8.6851,-0.1729,1.6000,-1.1000
BollingerRSIStrategy,AVAXUSDT,36,12,24,0.3333,-7.8561,-0.2192,8.6851,-0.1729,1.6000,-1.1000
BollingerRSIStrategy,AVAXUSDT,36,12,24,0.3333,-7.8561,-0.2192,8.6851,-0.1729,1.6000,-1.1000
BollingerRSIStrategy,BTCUSDT,35,8,27,0.2286,-7.9543,-0.2343,8.3156,-0.3437,1.0000,-0.6000
BollingerRSIStrategy,BTCUSDT,35,8,27,0.2286,-7.9543,-0.2343,8.3156,-0.3437,1.0000,-0.6000
BollingerRSIStrategy,XRPUSDT,35,11,24,0.3143,-7.9942,-0.2343,9.2539,-0.2763,1.0000,-0.8000
BollingerRSIStrategy,XRPUSDT,35,11,24,0.3143,-7.9942,-0.2343,9.2539,-0.2763,1.0000,-0.8000
BollingerRSIStrategy,XRPUSDT,35,11,24,0.3143,-7.9942,-0.2343,9.2539,-0.2763,1.0000,-0.8000
BollingerRSIStrategy,XRPUSDT,38,12,26,0.3158,-8.1198,-0.2211,8.1198,-0.3910,0.6000,-0.6000
BollingerRSIStrategy,XRPUSDT,38,12,26,0.3158,-8.1198,-0.2211,8.1198,-0.3910,0.6000,-0.6000
BollingerRSIStrategy,XRPUSDT,38,12,26,0.3158,-8.1198,-0.2211,8.1198,-0.3910,0.6000,-0.6000
BollingerRSIStrategy,DOGEUSDT,40,17,23,0.4250,-8.1714,-0.2075,12.2392,-0.1974,1.0000,-1.1000
BollingerRSIStrategy,DOGEUSDT,40,17,23,0.4250,-8.1714,-0.2075,12.2392,-0.1974,1.0000,-1.1000
BollingerRSIStrategy,DOGEUSDT,40,17,23,0.4250,-8.1714,-0.2075,12.2392,-0.1974,1.0000,-1.1000
BollingerRSIStrategy,DOGEUSDT,44,19,25,0.4318,-8.3456,-0.1955,10.3139,-0.2786,0.6000,-0.8000
BollingerRSIStrategy,DOGEUSDT,44,19,25,0.4318,-8.3456,-0.1955,10.3139,-0.2786,0.6000,-0.8000
BollingerRSIStrategy,DOGEUSDT,44,19,25,0.4318,-8.3456,-0.1955,10.3139,-0.2786,0.6000,-0.8000
BollingerRSIStrategy,BTCUSDT,35,8,27,0.2286,-8.3478,-0.2466,8.7075,-0.3724,1.0000,-0.6000
BollingerRSIStrategy,LINKUSDT,36,18,18,0.5000,-8.7365,-0.2500,9.2809,-0.2900,0.6000,-1.1000
BollingerRSIStrategy,LINKUSDT,36,18,18,0.5000,-8.7365,-0.2500,9.2809,-0.2900,0.6000,-1.1000
BollingerRSIStrategy,LINKUSDT,36,18,18,0.5000,-8.7365,-0.2500,9.2809,-0.2900,0.6000,-1.1000
BollingerRSIStrategy,BTCUSDT,34,5,29,0.1471,-9.0770,-0.2765,9.0770,-0.3496,1.6000,-0.6000
BollingerRSIStrategy,BTCUSDT,34,5,29,0.1471,-9.0770,-0.2765,9.0770,-0.3496,1.6000,-0.6000
BollingerRSIStrategy,XRPUSDT,35,17,18,0.4857,-9.2809,-0.2743,12.1130,-0.3182,0.6000,-1.1000
BollingerRSIStrategy,XRPUSDT,35,17,18,0.4857,-9.2809,-0.2743,12.1130,-0.3182,0.6000,-1.1000
BollingerRSIStrategy,XRPUSDT,35,17,18,0.4857,-9.2809,-0.2743,12.1130,-0.3182,0.6000,-1.1000
BollingerRSIStrategy,SOLUSDT,30,6,24,0.2000,-9.2927,-0.3200,9.2927,-0.3277,1.6000,-0.8000
BollingerRSIStrategy,SOLUSDT,30,6,24,0.2000,-9.2927,-0.3200,9.2927,-0.3277,1.6000,-0.8000
BollingerRSIStrategy,SOLUSDT,30,6,24,0.2000,-9.2927,-0.3200,9.2927,-0.3277,1.6000,-0.8000
BollingerRSIStrategy,MATICUSDT,44,10,34,0.2273,-9.6153,-0.2273,11.5671,-0.3362,1.0000,-0.6000
BollingerRSIStrategy,MATICUSDT,44,10,34,0.2273,-9.6153,-0.2273,11.5671,-0.3362,1.0000,-0.6000
BollingerRSIStrategy,MATICUSDT,44,10,34,0.2273,-9.6153,-0.2273,11.5671,-0.3362,1.0000,-0.6000
BollingerRSIStrategy,AVAXUSDT,41,9,32,0.2195,-9.7896,-0.2488,10.6828,-0.3710,1.0000,-0.6000
BollingerRSIStrategy,AVAXUSDT,41,9,32,0.2195,-9.7896,-0.2488,10.6828,-0.3710,1.0000,-0.6000
BollingerRSIStrategy,AVAXUSDT,41,9,32,0.2195,-9.7896,-0.2488,10.6828,-0.3710,1.0000,-0.6000
BollingerRSIStrategy,MATICUSDT,45,18,27,0.4000,-9.8018,-0.2267,10.5127,-0.3293,0.6000,-0.8000
BollingerRSIStrategy,MATICUSDT,45,18,27,0.4000,-9.8018,-0.2267,10.5127,-0.3293,0.6000,-0.8000
BollingerRSIStrategy,MATICUSDT,45,18,27,0.4000,-9.8018,-0.2267,10.5127,-0.3293,0.6000,-0.8000
BollingerRSIStrategy,BTCUSDT,34,5,29,0.1471,-10.0003,-0.3068,10.0003,-0.4177,1.6000,-0.6000
BollingerRSIStrategy,SOLUSDT,28,8,20,0.2857,-10.1628,-0.3752,10.1628,-0.3152,1.6000,-1.1000
BollingerRSIStrategy,LINKUSDT,36,14,22,0.3889,-10.3197,-0.2970,11.1645,-0.2900,1.0000,-1.1000
BollingerRSIStrategy,LINKUSDT,36,14,22,0.3889,-10.3197,-0.2970,11.1645,-0.2900,1.0000,-1.1000
BollingerRSIStrategy,LINKUSDT,36,14,22,0.3889,-10.3197,-0.2970,11.1645,-0.2900,1.0000,-1.1000
BollingerRSIStrategy,SOLUSDT,33,4,29,0.1212,-10.5089,-0.3333,10.5089,-0.4572,1.6000,-0.6000
BollingerRSIStrategy,SOLUSDT,33,4,29,0.1212,-10.5089,-0.3333,10.5089,-0.4572,1.6000,-0.6000
BollingerRSIStrategy,SOLUSDT,33,4,29,0.1212,-10.5089,-0.3333,10.5089,-0.4572,1.6000,-0.6000
BollingerRSIStrategy,LINKUSDT,36,11,25,0.3056,-10.6602,-0.3053,11.5385,-0.2487,1.6000,-1.1000
BollingerRSIStrategy,LINKUSDT,36,11,25,0.3056,-10.6602,-0.3053,11.5385,-0.2487,1.6000,-1.1000
BollingerRSIStrategy,LINKUSDT,36,11,25,0.3056,-10.6602,-0.3053,11.5385,-0.2487,1.6000,-1.1000
BollingerRSIStrategy,XRPUSDT,37,5,32,0.1351,-10.7038,-0.3027,12.2555,-0.3970,1.6000,-0.6000
BollingerRSIStrategy,XRPUSDT,37,5,32,0.1351,-10.7038,-0.3027,12.2555,-0.3970,1.6000,-0.6000
BollingerRSIStrategy,XRPUSDT,37,5,32,0.1351,-10.7038,-0.3027,12.2555,-0.3970,1.6000,-0.6000
BollingerRSIStrategy,AVAXUSDT,41,11,30,0.2683,-10.8402,-0.2780,11.3719,-0.5165,0.6000,-0.6000
BollingerRSIStrategy,AVAXUSDT,41,11,30,0.2683,-10.8402,-0.2780,11.3719,-0.5165,0.6000,-0.6000
BollingerRSIStrategy,AVAXUSDT,41,11,30,0.2683,-10.8402,-0.2780,11.3719,-0.5165,0.6000,-0.6000
BollingerRSIStrategy,AVAXUSDT,40,6,34,0.1500,-10.9713,-0.2873,11.7722,-0.3777,1.6000,-0.6000
BollingerRSIStrategy,AVAXUSDT,40,6,34,0.1500,-10.9713,-0.2873,11.7722,-0.3777,1.6000,-0.6000
BollingerRSIStrategy,AVAXUSDT,40,6,34,0.1500,-10.9713,-0.2873,11.7722,-0.3777,1.6000,-0.6000
BollingerRSIStrategy,XRPUSDT,30,8,22,0.2667,-10.9840,-0.3800,13.2251,-0.3129,1.6000,-1.1000
BollingerRSIStrategy,XRPUSDT,30,8,22,0.2667,-10.9840,-0.3800,13.2251,-0.3129,1.6000,-1.1000
BollingerRSIStrategy,XRPUSDT,30,8,22,0.2667,-10.9840,-0.3800,13.2251,-0.3129,1.6000,-1.1000
BollingerRSIStrategy,XRPUSDT,38,7,31,0.1842,-11.0333,-0.3053,11.3612,-0.4856,1.0000,-0.6000
BollingerRSIStrategy,XRPUSDT,38,7,31,0.1842,-11.0333,-0.3053,11.3612,-0.4856,1.0000,-0.6000
BollingerRSIStrategy,XRPUSDT,38,7,31,0.1842,-11.0333,-0.3053,11.3612,-0.4856,1.0000,-0.6000
BollingerRSIStrategy,DOGEUSDT,42,9,33,0.2143,-11.1616,-0.2766,12.5607,-0.2784,1.6000,-0.8000
BollingerRSIStrategy,MATICUSDT,44,21,23,0.4773,-11.2831,-0.2682,11.8122,-0.3156,0.6000,-1.1000
BollingerRSIStrategy,MATICUSDT,44,21,23,0.4773,-11.2831,-0.2682,11.8122,-0.3156,0.6000,-1.1000
BollingerRSIStrategy,MATICUSDT,44,21,23,0.4773,-11.2831,-0.2682,11.8122,-0.3156,0.6000,-1.1000
BollingerRSIStrategy,ETHUSDT,42,11,31,0.2619,-11.3751,-0.2857,11.3751,-0.5350,0.6000,-0.6000
BollingerRSIStrategy,ETHUSDT,42,11,31,0.2619,-11.3751,-0.2857,11.3751,-0.5350,0.6000,-0.6000
BollingerRSIStrategy,ETHUSDT,42,11,31,0.2619,-11.3751,-0.2857,11.3751,-0.5350,0.6000,-0.6000
BollingerRSIStrategy,AVAXUSDT,38,8,30,0.2105,-11.3802,-0.3130,12.1774,-0.3254,1.6000,-0.8000
BollingerRSIStrategy,AVAXUSDT,38,8,30,0.2105,-11.3802,-0.3130,12.1774,-0.3254,1.6000,-0.8000
BollingerRSIStrategy,AVAXUSDT,38,8,30,0.2105,-11.3802,-0.3130,12.1774,-0.3254,1.6000,-0.8000
BollingerRSIStrategy,ETHUSDT,42,6,36,0.1429,-11.4330,-0.2857,11.4330,-0.3667,1.6000,-0.6000
BollingerRSIStrategy,ETHUSDT,42,6,36,0.1429,-11.4330,-0.2857,11.4330,-0.3667,1.6000,-0.6000
BollingerRSIStrategy,ETHUSDT,42,6,36,0.1429,-11.4330,-0.2857,11.4330,-0.3667,1.6000,-0.6000
BollingerRSIStrategy,LINKUSDT,39,7,32,0.1795,-11.5671,-0.3128,11.5671,-0.5029,1.0000,-0.6000
BollingerRSIStrategy,LINKUSDT,39,7,32,0.1795,-11.5671,-0.3128,11.5671,-0.5029,1.0000,-0.6000
BollingerRSIStrategy,LINKUSDT,39,7,32,0.1795,-11.5671,-0.3128,11.5671,-0.5029,1.0000,-0.6000
BollingerRSIStrategy,LINKUSDT,38,13,25,0.3421,-11.5769,-0.3211,12.1043,-0.4770,0.6000,-0.8000
BollingerRSIStrategy,LINKUSDT,38,13,25,0.3421,-11.5769,-0.3211,12.1043,-0.4770,0.6000,-0.8000
BollingerRSIStrategy,LINKUSDT,38,13,25,0.3421,-11.5769,-0.3211,12.1043,-0.4770,0.6000,-0.8000
BollingerRSIStrategy,MATICUSDT,43,9,34,0.2093,-11.6800,-0.2837,13.0709,-0.2881,1.6000,-0.8000
BollingerRSIStrategy,MATICUSDT,43,9,34,0.2093,-11.6800,-0.2837,13.0709,-0.2881,1.6000,-0.8000
BollingerRSIStrategy,MATICUSDT,43,9,34,0.2093,-11.6800,-0.2837,13.0709,-0.2881,1.6000,-0.8000
BollingerRSIStrategy,ETHUSDT,42,8,34,0.1905,-11.7514,-0.2952,11.7514,-0.4643,1.0000,-0.6000
BollingerRSIStrategy,ETHUSDT,42,8,34,0.1905,-11.7514,-0.2952,11.7514,-0.4643,1.0000,-0.6000
BollingerRSIStrategy,ETHUSDT,42,8,34,0.1905,-11.7514,-0.2952,11.7514,-0.4643,1.0000,-0.6000
BollingerRSIStrategy,LINKUSDT,39,5,34,0.1282,-11.7722,-0.3179,11.7722,-0.4267,1.6000,-0.6000
BollingerRSIStrategy,LINKUSDT,39,5,34,0.1282,-11.7722,-0.3179,11.7722,-0.4267,1.6000,-0.6000
BollingerRSIStrategy,LINKUSDT,39,5,34,0.1282,-11.7722,-0.3179,11.7722,-0.4267,1.6000,-0.6000
BollingerRSIStrategy,LINKUSDT,39,9,30,0.2308,-11.9005,-0.3231,11.9005,-0.6308,0.6000,-0.6000
BollingerRSIStrategy,LINKUSDT,39,9,30,0.2308,-11.9005,-0.3231,11.9005,-0.6308,0.6000,-0.6000
BollingerRSIStrategy,LINKUSDT,39,9,30,0.2308,-11.9005,-0.3231,11.9005,-0.6308,0.6000,-0.6000
BollingerRSIStrategy,DOGEUSDT,41,19,22,0.4634,-12.1625,-0.3122,14.4714,-0.3638,0.6000,-1.1000
BollingerRSIStrategy,DOGEUSDT,41,19,22,0.4634,-12.1625,-0.3122,14.4714,-0.3638,0.6000,-1.1000
BollingerRSIStrategy,DOGEUSDT,41,19,22,0.4634,-12.1625,-0.3122,14.4714,-0.3638,0.6000,-1.1000
BollingerRSIStrategy,LINKUSDT,38,10,28,0.2632,-12.2151,-0.3393,12.6588,-0.4321,1.0000,-0.8000
BollingerRSIStrategy,LINKUSDT,38,10,28,0.2632,-12.2151,-0.3393,12.6588,-0.4321,1.0000,-0.8000
BollingerRSIStrategy,LINKUSDT,38,10,28,0.2632,-12.2151,-0.3393,12.6588,-0.4321,1.0000,-0.8000
BollingerRSIStrategy,DOGEUSDT,44,6,38,0.1364,-12.4926,-0.3000,13.8707,-0.3928,1.6000,-0.6000
BollingerRSIStrategy,DOGEUSDT,44,6,38,0.1364,-12.4926,-0.3000,13.8707,-0.3928,1.6000,-0.6000
BollingerRSIStrategy,DOGEUSDT,44,6,38,0.1364,-12.4926,-0.3000,13.8707,-0.3928,1.6000,-0.6000
BollingerRSIStrategy,SOLUSDT,27,6,21,0.2222,-12.8064,-0.5000,12.8064,-0.4371,1.6000,-1.1000
BollingerRSIStrategy,SOLUSDT,27,6,21,0.2222,-12.8064,-0.5000,12.8064,-0.4371,1.6000,-1.1000
BollingerRSIStrategy,AVAXUSDT,39,14,25,0.3590,-12.8221,-0.3462,13.6852,-0.3392,1.0000,-1.1000
BollingerRSIStrategy,AVAXUSDT,39,14,25,0.3590,-12.8221,-0.3462,13.6852,-0.3392,1.0000,-1.1000
BollingerRSIStrategy,AVAXUSDT,39,14,25,0.3590,-12.8221,-0.3462,13.6852,-0.3392,1.0000,-1.1000
BollingerRSIStrategy,DOGEUSDT,41,8,33,0.1951,-12.8967,-0.3317,14.2684,-0.3445,1.6000,-0.8000
BollingerRSIStrategy,DOGEUSDT,41,8,33,0.1951,-12.8967,-0.3317,14.2684,-0.3445,1.6000,-0.8000
BollingerRSIStrategy,AVAXUSDT,40,10,30,0.2500,-13.1912,-0.3500,14.0507,-0.4434,1.0000,-0.8000
BollingerRSIStrategy,AVAXUSDT,40,10,30,0.2500,-13.1912,-0.3500,14.0507,-0.4434,1.0000,-0.8000
BollingerRSIStrategy,AVAXUSDT,40,10,30,0.2500,-13.1912,-0.3500,14.0507,-0.4434,1.0000,-0.8000
BollingerRSIStrategy,MATICUSDT,43,11,32,0.2558,-13.1984,-0.3256,14.9016,-0.4113,1.0000,-0.8000
BollingerRSIStrategy,MATICUSDT,43,11,32,0.2558,-13.1984,-0.3256,14.9016,-0.4113,1.0000,-0.8000
BollingerRSIStrategy,MATICUSDT,43,11,32,0.2558,-13.1984,-0.3256,14.9016,-0.4113,1.0000,-0.8000
BollingerRSIStrategy,XRPUSDT,34,11,23,0.3235,-13.4933,-0.4206,14.3498,-0.4218,1.0000,-1.1000
BollingerRSIStrategy,XRPUSDT,34,11,23,0.3235,-13.4933,-0.4206,14.3498,-0.4218,1.0000,-1.1000
BollingerRSIStrategy,XRPUSDT,34,11,23,0.3235,-13.4933,-0.4206,14.3498,-0.4218,1.0000,-1.1000
BollingerRSIStrategy,ETHUSDT,37,12,25,0.3243,-14.0405,-0.4033,14.0405,-0.4073,1.0000,-1.1000
BollingerRSIStrategy,AVAXUSDT,40,12,28,0.3000,-14.1970,-0.3800,14.7087,-0.5849,0.6000,-0.8000
BollingerRSIStrategy,AVAXUSDT,40,12,28,0.3000,-14.1970,-0.3800,14.7087,-0.5849,0.6000,-0.8000
BollingerRSIStrategy,AVAXUSDT,40,12,28,0.3000,-14.1970,-0.3800,14.7087,-0.5849,0.6000,-0.8000
BollingerRSIStrategy,ETHUSDT,37,10,27,0.2703,-14.5337,-0.4216,14.5337,-0.6689,0.6000,-0.8000
BollingerRSIStrategy,ETHUSDT,37,10,27,0.2703,-14.5337,-0.4216,14.5337,-0.6689,0.6000,-0.8000
BollingerRSIStrategy,ETHUSDT,37,10,27,0.2703,-14.5337,-0.4216,14.5337,-0.6689,0.6000,-0.8000
BollingerRSIStrategy,ETHUSDT,37,12,25,0.3243,-14.5398,-0.4189,14.5398,-0.4203,1.0000,-1.1000
BollingerRSIStrategy,ETHUSDT,37,12,25,0.3243,-14.5398,-0.4189,14.5398,-0.4203,1.0000,-1.1000
BollingerRSIStrategy,AVAXUSDT,39,16,23,0.4103,-14.6738,-0.4026,15.1827,-0.4752,0.6000,-1.1000
BollingerRSIStrategy,AVAXUSDT,39,16,23,0.4103,-14.6738,-0.4026,15.1827,-0.4752,0.6000,-1.1000
BollingerRSIStrategy,AVAXUSDT,39,16,23,0.4103,-14.6738,-0.4026,15.1827,-0.4752,0.6000,-1.1000
BollingerRSIStrategy,ETHUSDT,37,9,28,0.2432,-14.8726,-0.4276,14.8726,-0.3657,1.6000,-1.1000
BollingerRSIStrategy,ETHUSDT,37,9,28,0.2432,-15.3670,-0.4432,15.3670,-0.3774,1.6000,-1.1000
BollingerRSIStrategy,ETHUSDT,37,9,28,0.2432,-15.3670,-0.4432,15.3670,-0.3774,1.6000,-1.1000
BollingerRSIStrategy,ETHUSDT,37,7,30,0.1892,-15.7442,-0.4595,15.7442,-0.6429,1.0000,-0.8000
BollingerRSIStrategy,ETHUSDT,37,7,30,0.1892,-15.7442,-0.4595,15.7442,-0.6429,1.0000,-0.8000
BollingerRSIStrategy,ETHUSDT,37,7,30,0.1892,-15.7442,-0.4595,15.7442,-0.6429,1.0000,-0.8000
BollingerRSIStrategy,LINKUSDT,38,6,32,0.1579,-15.8522,-0.4498,16.2775,-0.5381,1.6000,-0.8000
BollingerRSIStrategy,LINKUSDT,38,6,32,0.1579,-15.8522,-0.4498,16.2775,-0.5381,1.6000,-0.8000
BollingerRSIStrategy,LINKUSDT,38,6,32,0.1579,-15.8522,-0.4498,16.2775,-0.5381,1.6000,-0.8000
BollingerRSIStrategy,MATICUSDT,41,10,31,0.2439,-16.0624,-0.4195,17.3843,-0.3587,1.6000,-1.1000
BollingerRSIStrategy,MATICUSDT,41,10,31,0.2439,-16.0624,-0.4195,17.3843,-0.3587,1.6000,-1.1000
BollingerRSIStrategy,MATICUSDT,41,10,31,0.2439,-16.0624,-0.4195,17.3843,-0.3587,1.6000,-1.1000
BollingerRSIStrategy,ETHUSDT,37,5,32,0.1351,-16.2775,-0.4757,16.2775,-0.5719,1.6000,-0.8000
BollingerRSIStrategy,ETHUSDT,37,5,32,0.1351,-16.2775,-0.4757,16.2775,-0.5719,1.6000,-0.8000
BollingerRSIStrategy,ETHUSDT,37,5,32,0.1351,-16.2775,-0.4757,16.2775,-0.5719,1.6000,-0.8000
BollingerRSIStrategy,MATICUSDT,42,13,29,0.3095,-16.6694,-0.4286,18.0567,-0.4383,1.0000,-1.1000
BollingerRSIStrategy,MATICUSDT,42,13,29,0.3095,-16.6694,-0.4286,18.0567,-0.4383,1.0000,-1.1000
BollingerRSIStrategy,MATICUSDT,42,13,29,0.3095,-16.6694,-0.4286,18.0567,-0.4383,1.0000,-1.1000
BollingerRSIStrategy,ETHUSDT,37,13,24,0.3514,-17.1133,-0.5027,17.1133,-0.6110,0.6000,-1.1000
BollingerRSIStrategy,ETHUSDT,37,13,24,0.3514,-17.1133,-0.5027,17.1133,-0.6110,0.6000,-1.1000
BollingerRSIStrategy,ETHUSDT,37,13,24,0.3514,-17.1133,-0.5027,17.1133,-0.6110,0.6000,-1.1000
